Workbook

Sheet Mitarbeiterdaten
A1: Mitarbeiter_ID | B1: Geschlecht | C1: Arbeitnehmergruppe | D1: Eintrittsdatum | E1: Beschäftigungsjahre | F1: Grundgehalt_EUR | G1: Variable_Bestandteile_EUR | H1: Bruttojahresentgelt_EUR | I1: Wochenstunden | J1: Vollzeit_Äquivalent | K1: Bruttostundenlohn_EUR
A2: MA1000 | B2: M | C2: Executive Management | D2: 2019-12-01 | E2: 6 | F2: 156274.21 | G2: 14260.71 | H2: 170534.92 | I2: 40 | J2: 1 | K2: 81.987942
A3: MA1001 | B3: M | C3: Executive Management | D3: 2012-09-09 | E3: 13 | F3: 133779.21 | G3: 21551.85 | H3: 155331.06 | I3: 40 | J3: 1 | K3: 74.678394
A4: MA1002 | B4: M | C4: Executive Management | D4: 2020-01-07 | E4: 5 | F4: 131412.25 | G4: 7157.97 | H4: 138570.22 | I4: 40 | J4: 1 | K4: 66.620298
A5: MA1003 | B5: M | C5: Executive Management | D5: 2012-09-12 | E5: 13 | F5: 137969.74 | G5: 18513.71 | H5: 156483.45 | I5: 40 | J5: 1 | K5: 75.232428
A6: MA1004 | B6: M | C6: Executive Management | D6: 2024-10-10 | E6: 1 | F6: 146378.39 | G6: 13427.09 | H6: 159805.48 | I6: 40 | J6: 1 | K6: 76.829558
A7: MA1005 | B7: M | C7: Executive Management | D7: 2018-09-09 | E7: 7 | F7: 161646.33 | G7: 18329.43 | H7: 179975.76 | I7: 40 | J7: 1 | K7: 86.526808
A8: MA1006 | B8: M | C8: Executive Management | D8: 2017-05-16 | E8: 8 | F8: 134496.58 | G8: 0 | H8: 134496.58 | I8: 40 | J8: 1 | K8: 64.661817
A9: MA1007 | B9: M | C9: Executive Management | D9: 2017-03-17 | E9: 8 | F9: 132099.46 | G9: 13718.12 | H9: 145817.58 | I9: 40 | J9: 1 | K9: 70.104606
A10: MA1008 | B10: M | C10: Executive Management | D10: 2012-11-23 | E10: 13 | F10: 154667.67 | G10: 24663.27 | H10: 179330.94 | I10: 40 | J10: 1 | K10: 86.216798
A11: MA1009 | B11: M | C11: Executive Management | D11: 2023-02-26 | E11: 2 | F11: 133117.18 | G11: 0 | H11: 133117.18 | I11: 40 | J11: 1 | K11: 63.998644
A12: MA1010 | B12: F | C12: Executive Management | D12: 2016-10-23 | E12: 9 | F12: 140154.48 | G12: 20010.97 | H12: 160165.45 | I12: 20 | J12: 1 | K12: 154.00524
A13: MA1011 | B13: F | C13: Executive Management | D13: 2018-06-07 | E13: 7 | F13: 146469.27 | G13: 12330.48 | H13: 158799.75 | I13: 40 | J13: 1 | K13: 76.346034
... A501: MA1499 | B501: F | C501: Administration | D501: 2012-04-22 | E501: 13 | F501: 44761.05 | G501: 0 | H501: 44761.05 | I501: 30 | J501: 0.75 | K501: 28.692981

Sheet Übersicht
A1: EUPTD COMPLIANCE DASHBOARD
A2: Stichtag: 02.12.2025
A4: 📊 UNTERNEHMENSDATEN
A5: Gesamtanzahl Mitarbeiter | B5: =COUNTA(Mitarbeiterdaten!A2:A501) -> 500
A6: davon Frauen | B6: =COUNTIF(Mitarbeiterdaten!B:B,"F") -> 250 | C6: =B6/B5 -> 0.5
A7: davon Männer | B7: =COUNTIF(Mitarbeiterdaten!B:B,"M") -> 250 | C7: =B7/B5 -> 0.5
A8: Anzahl Arbeitnehmergruppen | B8: =COUNTA(_xludf.UNIQUE(Mitarbeiterdaten!C2:C501)) -> 1
A10: 💰 GEHALTSSTATISTIKEN (Gesamt)
A11: Kennzahl | B11: Frauen | C11: Männer | D11: Differenz | E11: GPG (%)
A12: Ø Bruttojahresentgelt | B12: =AVERAGEIF(Mitarbeiterdaten!B:B,"F",Mitarbeiterdaten!H:H) -> 69206.097 | C12: =AVERAGEIF(Mitarbeiterdaten!B:B,"M",Mitarbeiterdaten!H:H) -> 75310.38 | D12: =C12-B12 -> 6104.2832 | E12: =(C12-B12)/C12 -> 0.081055004
A13: Median Bruttojahresentgelt | B13: =MEDIAN(IF(Mitarbeiterdaten!B2:B501="F",Mitarbeiterdaten!H2:H501)) -> 69974.58 | C13: =MEDIAN(IF(Mitarbeiterdaten!B2:B501="M",Mitarbeiterdaten!H2:H501)) -> 0 | D13: =C13-B13 -> -69974.58 | E13: =(C13-B13)/C13 -> #DIV/0!
A15: ⚖️ COMPLIANCE STATUS
A16: Berichtspflichtig (≥250 MA) | B16: =IF(B5>=250,"JA - Jährlich","NEIN") -> JA - Jährlich
A17: Nächste Berichterstattung | B17: 2027-06-07
A18: Gruppen mit GPG ≥5% | B18: Siehe Sheet "Berechnungen"

Sheet Berechnungen
A1: GPG-BERECHNUNGEN NACH ARBEITNEHMERGRUPPEN
A2: Artikel 9 (Jährliche Berichterstattung) und Artikel 10 (Gemeinsame Entgeltbewertung)
A4: Arbeitnehmergruppe | B4: Anzahl MA | C4: Ø Frauen (€) | D4: Ø Männer (€) | E4: GPG (%) | F4: Status | G4: Median F (€) | H4: Median M (€) | I4: Median GPG (%)
A5: Executive Management | B5: =COUNTIF(Mitarbeiterdaten!C:C,A5) -> 20 | C5: =AVERAGEIFS(Mitarbeiterdaten!H:H,Mitarbeiterdaten!C:C,A5,Mitarbeiterdaten!B:B,"F") -> 159880.23 | D5: =AVERAGEIFS(Mitarbeiterdaten!H:H,Mitarbeiterdaten!C:C,A5,Mitarbeiterdaten!B:B,"M") -> 155346.32 | E5: =IF(D5=0,0,(D5-C5)/D5) -> -0.029185809 | F5: =IF(E5>=0.05,"⚠️ SCHWELLENWERT",IF(E5>=0.03,"⚡ Beobachten","✅ OK")) -> ✅ OK | G5: =MEDIAN(IF((Mitarbeiterdaten!C2:C501=A5)*(Mitarbeiterdaten!B2:B501="F"),Mitarbeiterdaten!H2:H501)) -> 0 | H5: =MEDIAN(IF((Mitarbeiterdaten!C2:C501=A5)*(Mitarbeiterdaten!B2:B501="M"),Mitarbeiterdaten!H2:H501)) -> 69974.58 | I5: =IF(H5=0,0,(H5-G5)/H5) -> 1
A6: Senior Leadership | B6: =COUNTIF(Mitarbeiterdaten!C:C,A6) -> 50 | C6: =AVERAGEIFS(Mitarbeiterdaten!H:H,Mitarbeiterdaten!C:C,A6,Mitarbeiterdaten!B:B,"F") -> 96953.111 | D6: =AVERAGEIFS(Mitarbeiterdaten!H:H,Mitarbeiterdaten!C:C,A6,Mitarbeiterdaten!B:B,"M") -> 103950.63 | E6: =IF(D6=0,0,(D6-C6)/D6) -> 0.067315808 | F6: =IF(E6>=0.05,"⚠️ SCHWELLENWERT",IF(E6>=0.03,"⚡ Beobachten","✅ OK")) -> ⚠️ SCHWELLENWERT | G6: =MEDIAN(IF((Mitarbeiterdaten!C2:C501=A6)*(Mitarbeiterdaten!B2:B501="F"),Mitarbeiterdaten!H2:H501)) -> 0 | H6: =MEDIAN(IF((Mitarbeiterdaten!C2:C501=A6)*(Mitarbeiterdaten!B2:B501="M"),Mitarbeiterdaten!H2:H501)) -> 0 | I6: =IF(H6=0,0,(H6-G6)/H6) -> 0
A7: Engineering | B7: =COUNTIF(Mitarbeiterdaten!C:C,A7) -> 120 | C7: =AVERAGEIFS(Mitarbeiterdaten!H:H,Mitarbeiterdaten!C:C,A7,Mitarbeiterdaten!B:B,"F") -> 69491.063 | D7: =AVERAGEIFS(Mitarbeiterdaten!H:H,Mitarbeiterdaten!C:C,A7,Mitarbeiterdaten!B:B,"M") -> 79205.664 | E7: =IF(D7=0,0,(D7-C7)/D7) -> 0.12265034 | F7: =IF(E7>=0.05,"⚠️ SCHWELLENWERT",IF(E7>=0.03,"⚡ Beobachten","✅ OK")) -> ⚠️ SCHWELLENWERT | G7: =MEDIAN(IF((Mitarbeiterdaten!C2:C501=A7)*(Mitarbeiterdaten!B2:B501="F"),Mitarbeiterdaten!H2:H501)) -> 0 | H7: =MEDIAN(IF((Mitarbeiterdaten!C2:C501=A7)*(Mitarbeiterdaten!B2:B501="M"),Mitarbeiterdaten!H2:H501)) -> 0 | I7: =IF(H7=0,0,(H7-G7)/H7) -> 0
A8: Sales & Marketing | B8: =COUNTIF(Mitarbeiterdaten!C:C,A8) -> 80 | C8: =AVERAGEIFS(Mitarbeiterdaten!H:H,Mitarbeiterdaten!C:C,A8,Mitarbeiterdaten!B:B,"F") -> 68100.228 | D8: =AVERAGEIFS(Mitarbeiterdaten!H:H,Mitarbeiterdaten!C:C,A8,Mitarbeiterdaten!B:B,"M") -> 76411.239 | E8: =IF(D8=0,0,(D8-C8)/D8) -> 0.10876686 | F8: =IF(E8>=0.05,"⚠️ SCHWELLENWERT",IF(E8>=0.03,"⚡ Beobachten","✅ OK")) -> ⚠️ SCHWELLENWERT | G8: =MEDIAN(IF((Mitarbeiterdaten!C2:C501=A8)*(Mitarbeiterdaten!B2:B501="F"),Mitarbeiterdaten!H2:H501)) -> 0 | H8: =MEDIAN(IF((Mitarbeiterdaten!C2:C501=A8)*(Mitarbeiterdaten!B2:B501="M"),Mitarbeiterdaten!H2:H501)) -> 0 | I8: =IF(H8=0,0,(H8-G8)/H8) -> 0
A9: Product Management | B9: =COUNTIF(Mitarbeiterdaten!C:C,A9) -> 60 | C9: =AVERAGEIFS(Mitarbeiterdaten!H:H,Mitarbeiterdaten!C:C,A9,Mitarbeiterdaten!B:B,"F") -> 77534.126 | D9: =AVERAGEIFS(Mitarbeiterdaten!H:H,Mitarbeiterdaten!C:C,A9,Mitarbeiterdaten!B:B,"M") -> 85688.058 | E9: =IF(D9=0,0,(D9-C9)/D9) -> 0.09515832 | F9: =IF(E9>=0.05,"⚠️ SCHWELLENWERT",IF(E9>=0.03,"⚡ Beobachten","✅ OK")) -> ⚠️ SCHWELLENWERT | G9: =MEDIAN(IF((Mitarbeiterdaten!C2:C501=A9)*(Mitarbeiterdaten!B2:B501="F"),Mitarbeiterdaten!H2:H501)) -> 0 | H9: =MEDIAN(IF((Mitarbeiterdaten!C2:C501=A9)*(Mitarbeiterdaten!B2:B501="M"),Mitarbeiterdaten!H2:H501)) -> 0 | I9: =IF(H9=0,0,(H9-G9)/H9) -> 0
A10: Operations | B10: =COUNTIF(Mitarbeiterdaten!C:C,A10) -> 70 | C10: =AVERAGEIFS(Mitarbeiterdaten!H:H,Mitarbeiterdaten!C:C,A10,Mitarbeiterdaten!B:B,"F") -> 56266.648 | D10: =AVERAGEIFS(Mitarbeiterdaten!H:H,Mitarbeiterdaten!C:C,A10,Mitarbeiterdaten!B:B,"M") -> 57514.569 | E10: =IF(D10=0,0,(D10-C10)/D10) -> 0.021697464 | F10: =IF(E10>=0.05,"⚠️ SCHWELLENWERT",IF(E10>=0.03,"⚡ Beobachten","✅ OK")) -> ✅ OK | G10: =MEDIAN(IF((Mitarbeiterdaten!C2:C501=A10)*(Mitarbeiterdaten!B2:B501="F"),Mitarbeiterdaten!H2:H501)) -> 0 | H10: =MEDIAN(IF((Mitarbeiterdaten!C2:C501=A10)*(Mitarbeiterdaten!B2:B501="M"),Mitarbeiterdaten!H2:H501)) -> 0 | I10: =IF(H10=0,0,(H10-G10)/H10) -> 0
A11: Customer Service | B11: =COUNTIF(Mitarbeiterdaten!C:C,A11) -> 60 | C11: =AVERAGEIFS(Mitarbeiterdaten!H:H,Mitarbeiterdaten!C:C,A11,Mitarbeiterdaten!B:B,"F") -> 41593.097 | D11: =AVERAGEIFS(Mitarbeiterdaten!H:H,Mitarbeiterdaten!C:C,A11,Mitarbeiterdaten!B:B,"M") -> 42813.742 | E11: =IF(D11=0,0,(D11-C11)/D11) -> 0.028510574 | F11: =IF(E11>=0.05,"⚠️ SCHWELLENWERT",IF(E11>=0.03,"⚡ Beobachten","✅ OK")) -> ✅ OK | G11: =MEDIAN(IF((Mitarbeiterdaten!C2:C501=A11)*(Mitarbeiterdaten!B2:B501="F"),Mitarbeiterdaten!H2:H501)) -> 0 | H11: =MEDIAN(IF((Mitarbeiterdaten!C2:C501=A11)*(Mitarbeiterdaten!B2:B501="M"),Mitarbeiterdaten!H2:H501)) -> 0 | I11: =IF(H11=0,0,(H11-G11)/H11) -> 0
A12: Administration | B12: =COUNTIF(Mitarbeiterdaten!C:C,A12) -> 40 | C12: =AVERAGEIFS(Mitarbeiterdaten!H:H,Mitarbeiterdaten!C:C,A12,Mitarbeiterdaten!B:B,"F") -> 42113.595 | D12: =AVERAGEIFS(Mitarbeiterdaten!H:H,Mitarbeiterdaten!C:C,A12,Mitarbeiterdaten!B:B,"M") -> 49925.638 | E12: =IF(D12=0,0,(D12-C12)/D12) -> 0.15647357 | F12: =IF(E12>=0.05,"⚠️ SCHWELLENWERT",IF(E12>=0.03,"⚡ Beobachten","✅ OK")) -> ⚠️ SCHWELLENWERT | G12: =MEDIAN(IF((Mitarbeiterdaten!C2:C501=A12)*(Mitarbeiterdaten!B2:B501="F"),Mitarbeiterdaten!H2:H501)) -> 0 | H12: =MEDIAN(IF((Mitarbeiterdaten!C2:C501=A12)*(Mitarbeiterdaten!B2:B501="M"),Mitarbeiterdaten!H2:H501)) -> 0 | I12: =IF(H12=0,0,(H12-G12)/H12) -> 0
A14: ZUSAMMENFASSUNG
A15: Gruppen mit GPG ≥5%: | B15: =COUNTIF(E5:E12,">=0.05") -> 0
A16: → Gemeinsame Entgeltbewertung erforderlich (Art. 10)

Sheet Dokumentation
A1: DOKUMENTATION - SYNTHETISCHE EUPTD-TESTDATEN
A3: 📋 ZWECK
A4: Diese Excel-Datei enthält synthetische Testdaten für die Entwicklung eines n8n KI-Agenten zur EUPTD-Compliance.
A6: 👥 DATENBESCHREIBUNG
A7: Gesamtanzahl Mitarbeiter: | B7: 500 (250 Frauen, 250 Männer)
A8: Arbeitnehmergruppen: | B8: 8 (nach EUPTD Art. 3 Abs. 1h)
A9: Generierungsdatum: | B9: 02.12.2025
A11: 🎯 TESTSZENARIEN
A12: Die Daten enthalten drei GPG-Szenarien:
A13: • ✅ Unkritisch: GPG < 3% (z.B. Senior Leadership, Operations)
A14: • ⚠️ Schwellenwert: GPG 5-7% (z.B. Sales & Marketing)
A15: • 🚨 Kritisch: GPG > 10% (z.B. Administration, Product Management)
A17: 📊 DATENSTRUKTUR
A18: Sheet "Mitarbeiterdaten": | B18: Rohdaten (500 Zeilen)
A19: Sheet "Übersicht": | B19: Key Metrics & Compliance Status
A20: Sheet "Berechnungen": | B20: GPG-Berechnungen nach Gruppen
A22: 🔧 VERWENDUNG MIT n8n
A23: 1. Lade diese Excel-Datei in deinen n8n Workflow
A24: 2. Verwende "Spreadsheet File" Node zum Einlesen
A25: 3. Extrahiere Sheet "Mitarbeiterdaten"
A26: 4. Implementiere GPG-Berechnungen in Code Node
A27: 5. Vergleiche deine Ergebnisse mit Sheet "Berechnungen"
A29: ⚖️ RECHTLICHE HINWEISE
A30: • Diese Daten sind synthetisch und enthalten keine echten Personendaten
A31: • Verwendung: Nur für Entwicklungs- und Testzwecke
A32: • DSGVO-konform: Keine personenbezogenen Daten
A34: 📝 ANNAHMEN
A35: • Alle Mitarbeiter sind in Deutschland beschäftigt
... A42: Erstellt von: Dom (Business Consultant)
A43: Datum: | B43: 02.12.2025
